{"cameraMode":{"drawMode":0,"name":"Shaded","section":"Shading Mode"},"sceneLighting":true,"audioPlay":false,"sceneViewState":{"showFog":true,"showMaterialUpdate":true,"showSkybox":true,"showFlares":true,"showImageEffects":true,"showParticleSystems":true},"in2DMode":false,"pivot":{"x":-8.333382606506348,"y":44.33196258544922,"z":-6.497312545776367},"rotation":{"x":0.5534451007843018,"y":0.16020990908145905,"z":-0.10955869406461716,"w":0.8100383877754211},"size":2.778627872467041,"orthographic":false}