{"cameraMode":{"drawMode":0,"name":"Shaded","section":"Shading Mode"},"sceneLighting":false,"audioPlay":false,"sceneViewState":{"showFog":true,"showMaterialUpdate":false,"showSkybox":false,"showFlares":true,"showImageEffects":true,"showParticleSystems":true},"in2DMode":false,"pivot":{"x":2.2334365844726564,"y":3.0074286460876467,"z":3.255563974380493},"rotation":{"x":-0.07998720556497574,"y":0.29515039920806887,"z":-0.02648906037211418,"w":-0.952120304107666},"size":4.041658401489258,"orthographic":false}