{"cameraMode":{"drawMode":0,"name":"Shaded","section":"Shading Mode"},"sceneLighting":true,"audioPlay":false,"sceneViewState":{"showFog":true,"showMaterialUpdate":false,"showSkybox":false,"showFlares":true,"showImageEffects":true,"showParticleSystems":true},"in2DMode":false,"pivot":{"x":14.239686012268067,"y":-5.538115501403809,"z":-9.363292694091797},"rotation":{"x":-0.07239662110805512,"y":-0.9046176671981812,"z":0.17050598561763764,"w":-0.3839483857154846},"size":23.28165054321289,"orthographic":false}